annotation_id,image_id,category_id,bbox_x,bbox_y,bbox_w,bbox_h,score
1,1,35,0,0,976,1280,0.2595
2,1,62,0,0,976,1280,0.2095
3,10,14,0,0,976,1280,0.2913
4,10,22,0,0,976,1280,0.1516
5,10,35,0,0,976,1280,0.1473
6,100,62,0,0,976,1280,0.4738
7,100,64,0,0,976,1280,0.1469
8,1003,62,0,0,976,1280,0.4787
9,1003,68,0,0,976,1280,0.2196
10,1004,62,0,0,976,1280,0.5387
11,1004,22,0,0,976,1280,0.1366
12,1005,62,0,0,976,1280,0.4447
13,1005,68,0,0,976,1280,0.1845
14,1005,22,0,0,976,1280,0.1407
15,1006,68,0,0,976,1280,0.2001
16,1006,44,0,0,976,1280,0.1755
17,1006,46,0,0,976,1280,0.1154
18,1007,68,0,0,976,1280,0.1741
19,1007,22,0,0,976,1280,0.1622
20,1007,62,0,0,976,1280,0.1535
21,1007,44,0,0,976,1280,0.1342
22,1009,22,0,0,976,1280,0.6124
23,1009,62,0,0,976,1280,0.1729
24,1010,22,0,0,976,1280,0.6531
25,1010,62,0,0,976,1280,0.1203
26,1012,52,0,0,976,1280,0.3789
27,1012,35,0,0,976,1280,0.1395
28,1012,62,0,0,976,1280,0.1377
29,1013,35,0,0,976,1280,0.4137
30,1013,52,0,0,976,1280,0.3286
31,1014,35,0,0,976,1280,0.2653
32,1014,62,0,0,976,1280,0.2119
33,1014,52,0,0,976,1280,0.1507
34,1015,35,0,0,976,1280,0.365
35,1015,62,0,0,976,1280,0.106
36,1016,35,0,0,976,1280,0.6013
37,1018,62,0,0,976,1280,0.2479
38,1018,35,0,0,976,1280,0.1547
39,1019,62,0,0,976,1280,0.2863
40,1019,68,0,0,976,1280,0.1208
41,1019,35,0,0,976,1280,0.1062
42,102,62,0,0,976,1280,0.6465
43,1020,62,0,0,976,1280,0.2735
44,1020,68,0,0,976,1280,0.1102
45,1022,62,0,0,976,1280,0.5956
46,1022,53,0,0,976,1280,0.1211
47,1023,62,0,0,976,1280,0.6251
48,1025,62,0,0,976,1280,0.2468
49,1025,35,0,0,976,1280,0.1732
50,1025,22,0,0,976,1280,0.1057
51,1025,68,0,0,976,1280,0.1014
52,1026,62,0,0,976,1280,0.3258
53,1026,68,0,0,976,1280,0.1511
54,1026,22,0,0,976,1280,0.1441
55,1027,22,0,0,976,1280,0.8083
56,1028,22,0,0,976,1280,0.6129
57,1028,14,0,0,976,1280,0.1339
58,1029,22,0,0,976,1280,0.5121
59,1029,14,0,0,976,1280,0.2078
60,1030,62,0,0,976,1280,0.2948
61,1030,68,0,0,976,1280,0.2069
62,1030,69,0,0,976,1280,0.1644
63,1034,62,0,0,976,1280,0.4497
64,1034,22,0,0,976,1280,0.1079
65,1039,22,0,0,976,1280,0.3722
66,1039,62,0,0,976,1280,0.2217
67,1039,68,0,0,976,1280,0.1377
68,104,7,0,0,976,1280,0.2386
69,104,14,0,0,976,1280,0.214
70,104,25,0,0,976,1280,0.1704
71,104,72,0,0,976,1280,0.134
72,1041,22,0,0,976,1280,0.3008
73,1041,62,0,0,976,1280,0.2259
74,1041,68,0,0,976,1280,0.1469
75,1043,7,0,0,976,1280,0.2673
76,1043,72,0,0,976,1280,0.1891
77,1043,69,0,0,976,1280,0.15
78,1043,25,0,0,976,1280,0.1386
79,1044,7,0,0,976,1280,0.3934
80,1044,72,0,0,976,1280,0.1668
81,1045,62,0,0,976,1280,0.3474
82,1045,22,0,0,976,1280,0.1187
83,1046,62,0,0,976,1280,0.4388
84,1047,62,0,0,976,1280,0.2575
85,1047,22,0,0,976,1280,0.1252
86,1047,35,0,0,976,1280,0.102
87,1050,44,0,0,976,1280,0.5546
88,1051,44,0,0,976,1280,0.4284
89,1051,72,0,0,976,1280,0.1008
90,1053,44,0,0,976,1280,0.82
91,1055,62,0,0,976,1280,0.8412
92,1056,62,0,0,976,1280,0.8971
93,1057,44,0,0,976,1280,0.4796
94,1057,72,0,0,976,1280,0.1094
95,1058,44,0,0,976,1280,0.5155
96,1058,72,0,0,976,1280,0.115
97,1058,12,0,0,976,1280,0.1129
98,1060,44,0,0,976,1280,0.547
99,1064,68,0,0,976,1280,0.5362
100,1064,62,0,0,976,1280,0.1897
101,1065,22,0,0,976,1280,0.2551
102,1065,68,0,0,976,1280,0.2405
103,1065,62,0,0,976,1280,0.2115
104,1067,62,0,0,976,1280,0.9164
105,1069,62,0,0,976,1280,0.47
106,1069,22,0,0,976,1280,0.2308
107,1070,62,0,0,976,1280,0.3371
108,1070,22,0,0,976,1280,0.2226
109,1073,14,0,0,976,1280,0.4787
110,1073,22,0,0,976,1280,0.16
111,1073,62,0,0,976,1280,0.1068
112,1075,62,0,0,976,1280,0.8227
113,1076,62,0,0,976,1280,0.7033
114,1077,62,0,0,976,1280,0.811
115,1079,62,0,0,976,1280,0.2959
116,1079,22,0,0,976,1280,0.1709
117,108,44,0,0,976,1280,0.4833
118,108,7,0,0,976,1280,0.1122
119,1080,14,0,0,976,1280,0.273
120,1080,22,0,0,976,1280,0.2128
121,1080,62,0,0,976,1280,0.1715
122,1081,62,0,0,976,1280,0.5206
123,1081,22,0,0,976,1280,0.2274
124,1085,62,0,0,976,1280,0.2055
125,1085,68,0,0,976,1280,0.1429
126,1085,44,0,0,976,1280,0.1219
127,1085,35,0,0,976,1280,0.1144
128,1087,62,0,0,976,1280,0.4353
129,1089,62,0,0,976,1280,0.2023
130,109,62,0,0,976,1280,0.4825
131,1092,62,0,0,976,1280,0.2475
132,1092,48,0,0,976,1280,0.1435
133,1092,64,0,0,976,1280,0.1334
134,1093,62,0,0,976,1280,0.3657
135,1093,22,0,0,976,1280,0.266
136,1093,68,0,0,976,1280,0.1075
137,1095,62,0,0,976,1280,0.4777
138,1095,22,0,0,976,1280,0.1876
139,1095,68,0,0,976,1280,0.1161
140,1096,62,0,0,976,1280,0.421
141,1096,53,0,0,976,1280,0.314
142,1097,62,0,0,976,1280,0.6149
143,1098,53,0,0,976,1280,0.4434
144,1098,62,0,0,976,1280,0.1528
145,1098,35,0,0,976,1280,0.1066
146,110,62,0,0,976,1280,0.5034
147,1100,62,0,0,976,1280,0.7814
148,1101,62,0,0,976,1280,0.9072
149,1105,62,0,0,976,1280,0.3621
150,1105,69,0,0,976,1280,0.2058
151,1109,22,0,0,976,1280,0.4098
152,1109,62,0,0,976,1280,0.3144
153,1111,62,0,0,976,1280,0.4038
154,1111,22,0,0,976,1280,0.2963
155,1114,62,0,0,976,1280,0.38
156,1115,62,0,0,976,1280,0.4824
157,1115,68,0,0,976,1280,0.1035
158,1116,62,0,0,976,1280,0.3967
159,1118,62,0,0,976,1280,0.2933
160,1119,62,0,0,976,1280,0.517
161,112,62,0,0,976,1280,0.823
162,1121,22,0,0,976,1280,0.3484
163,1121,62,0,0,976,1280,0.2812
164,1123,62,0,0,976,1280,0.2631
165,1123,46,0,0,976,1280,0.2135
166,1125,46,0,0,976,1280,0.2995
167,1125,62,0,0,976,1280,0.1641
168,1125,68,0,0,976,1280,0.1259
169,1126,62,0,0,976,1280,0.6443
170,1129,22,0,0,976,1280,0.6066
171,1129,62,0,0,976,1280,0.1711
172,113,62,0,0,976,1280,0.474
173,1135,62,0,0,976,1280,0.7682
174,1136,62,0,0,976,1280,0.4711
175,1136,53,0,0,976,1280,0.1395
176,1136,64,0,0,976,1280,0.1039
177,1138,62,0,0,976,1280,0.4535
178,1138,68,0,0,976,1280,0.3297
179,114,62,0,0,976,1280,0.6575
180,1140,62,0,0,976,1280,0.4703
181,1140,68,0,0,976,1280,0.2589
182,1140,22,0,0,976,1280,0.1136
183,1141,44,0,0,976,1280,0.8728
184,1142,44,0,0,976,1280,0.8812
185,1143,44,0,0,976,1280,0.7959
186,1144,62,0,0,976,1280,0.7959
187,1148,72,0,0,976,1280,0.2111
188,1148,22,0,0,976,1280,0.1629
189,1148,7,0,0,976,1280,0.1589
190,1149,22,0,0,976,1280,0.2592
191,1149,72,0,0,976,1280,0.1622
192,1149,14,0,0,976,1280,0.1182
193,1149,7,0,0,976,1280,0.1058
194,115,46,0,0,976,1280,0.2403
195,115,62,0,0,976,1280,0.2027
196,115,35,0,0,976,1280,0.1178
197,1150,62,0,0,976,1280,0.5506
198,1150,68,0,0,976,1280,0.2313
199,1153,62,0,0,976,1280,0.4825
200,1153,22,0,0,976,1280,0.3189
201,1154,62,0,0,976,1280,0.4341
202,1154,22,0,0,976,1280,0.3426
203,1155,22,0,0,976,1280,0.4444
204,1155,62,0,0,976,1280,0.2883
205,1156,22,0,0,976,1280,0.8505
206,1157,22,0,0,976,1280,0.2981
207,1157,14,0,0,976,1280,0.1993
208,1158,22,0,0,976,1280,0.5205
209,1158,14,0,0,976,1280,0.141
210,1159,14,0,0,976,1280,0.4832
211,1159,22,0,0,976,1280,0.2128
212,1161,39,0,0,976,1280,0.3626
213,1161,22,0,0,976,1280,0.1395
214,1161,7,0,0,976,1280,0.1394
215,1163,62,0,0,976,1280,0.613
216,1164,62,0,0,976,1280,0.553
217,1164,53,0,0,976,1280,0.1139
218,1166,46,0,0,976,1280,0.2756
219,1166,62,0,0,976,1280,0.1559
220,1166,35,0,0,976,1280,0.1105
221,1167,46,0,0,976,1280,0.1965
222,1167,35,0,0,976,1280,0.145
223,1167,68,0,0,976,1280,0.1239
224,1167,62,0,0,976,1280,0.1085
225,1168,62,0,0,976,1280,0.2243
226,1170,62,0,0,976,1280,0.2194
227,1170,68,0,0,976,1280,0.1154
228,1170,48,0,0,976,1280,0.1109
229,1171,62,0,0,976,1280,0.4385
230,1171,22,0,0,976,1280,0.22
231,1173,62,0,0,976,1280,0.3818
232,1173,22,0,0,976,1280,0.1518
233,1174,62,0,0,976,1280,0.4168
234,1176,62,0,0,976,1280,0.4416
235,1176,22,0,0,976,1280,0.1009
236,1178,62,0,0,976,1280,0.8923
237,118,25,0,0,976,1280,0.9903
238,1180,22,0,0,976,1280,0.2864
239,1180,62,0,0,976,1280,0.1278
240,1184,62,0,0,976,1280,0.4559
241,1184,22,0,0,976,1280,0.1592
242,1185,62,0,0,976,1280,0.5845
243,1186,69,0,0,976,1280,0.1876
244,1186,72,0,0,976,1280,0.1302
245,1186,44,0,0,976,1280,0.1188
246,1186,12,0,0,976,1280,0.1142
247,1187,44,0,0,976,1280,0.4555
248,1189,44,0,0,976,1280,0.3543
249,119,25,0,0,976,1280,0.9986
250,1190,44,0,0,976,1280,0.2734
251,1191,44,0,0,976,1280,0.4214
252,1191,42,0,0,976,1280,0.104
253,1192,62,0,0,976,1280,0.4994
254,1194,62,0,0,976,1280,0.7553
255,1196,62,0,0,976,1280,0.4154
256,1197,62,0,0,976,1280,0.6129
257,1198,22,0,0,976,1280,0.4227
258,1198,62,0,0,976,1280,0.3222
259,1199,22,0,0,976,1280,0.5555
260,1199,62,0,0,976,1280,0.1729
261,120,25,0,0,976,1280,0.9962
262,1201,62,0,0,976,1280,0.4761
263,1201,22,0,0,976,1280,0.3228
264,1204,14,0,0,976,1280,0.4301
265,1204,22,0,0,976,1280,0.2042
266,1204,5,0,0,976,1280,0.1012
267,1206,39,0,0,976,1280,0.435
268,1206,7,0,0,976,1280,0.2646
269,1206,14,0,0,976,1280,0.1001
270,1207,22,0,0,976,1280,0.4355
271,1207,14,0,0,976,1280,0.1525
272,1207,62,0,0,976,1280,0.1442
273,1209,62,0,0,976,1280,0.4077
274,1209,22,0,0,976,1280,0.2741
275,1210,68,0,0,976,1280,0.4151
276,1210,62,0,0,976,1280,0.2556
277,1212,62,0,0,976,1280,0.2288
278,1212,68,0,0,976,1280,0.219
279,1212,35,0,0,976,1280,0.1747
280,1213,44,0,0,976,1280,0.5421
281,1214,44,0,0,976,1280,0.4353
282,1214,72,0,0,976,1280,0.1638
283,1216,35,0,0,976,1280,0.6042
284,1216,52,0,0,976,1280,0.1031
285,1219,62,0,0,976,1280,0.5502
286,122,62,0,0,976,1280,0.2035
287,122,68,0,0,976,1280,0.1229
288,1220,62,0,0,976,1280,0.5802
289,1222,62,0,0,976,1280,0.4116
290,1222,68,0,0,976,1280,0.1311
291,1224,62,0,0,976,1280,0.326
292,1224,46,0,0,976,1280,0.1866
293,1224,68,0,0,976,1280,0.107
294,1226,62,0,0,976,1280,0.9463
295,1227,62,0,0,976,1280,0.9322
296,1232,62,0,0,976,1280,0.7828
297,1235,62,0,0,976,1280,0.5497
298,1237,62,0,0,976,1280,0.6386
299,1237,22,0,0,976,1280,0.1065
300,1238,62,0,0,976,1280,0.3689
301,1238,22,0,0,976,1280,0.1013
302,1239,62,0,0,976,1280,0.5603
303,1239,22,0,0,976,1280,0.1049
304,124,62,0,0,976,1280,0.5464
305,124,22,0,0,976,1280,0.1692
306,1242,62,0,0,976,1280,0.6956
307,1243,62,0,0,976,1280,0.2219
308,1243,69,0,0,976,1280,0.2133
309,1243,35,0,0,976,1280,0.1348
310,1244,62,0,0,976,1280,0.3289
311,1244,59,0,0,976,1280,0.1106
312,1245,69,0,0,976,1280,0.4373
313,1245,62,0,0,976,1280,0.1406
314,1246,62,0,0,976,1280,0.3
315,1246,68,0,0,976,1280,0.2428
316,1246,22,0,0,976,1280,0.1417
317,1248,22,0,0,976,1280,0.2954
318,1248,62,0,0,976,1280,0.291
319,1248,68,0,0,976,1280,0.1528
320,125,62,0,0,976,1280,0.4886
321,125,22,0,0,976,1280,0.2039
322,1250,44,0,0,976,1280,0.3269
323,1250,12,0,0,976,1280,0.1129
324,1251,69,0,0,976,1280,0.2342
325,1251,72,0,0,976,1280,0.1368
326,1251,12,0,0,976,1280,0.1155
327,1252,62,0,0,976,1280,0.2352
328,1252,35,0,0,976,1280,0.1519
329,1254,35,0,0,976,1280,0.1693
330,1254,62,0,0,976,1280,0.1686
331,1256,62,0,0,976,1280,0.4934
332,1256,22,0,0,976,1280,0.1222
333,126,62,0,0,976,1280,0.47
334,126,22,0,0,976,1280,0.2473
335,1261,22,0,0,976,1280,0.475
336,1261,62,0,0,976,1280,0.2615
337,1262,22,0,0,976,1280,0.4142
338,1262,62,0,0,976,1280,0.2752
339,1263,22,0,0,976,1280,0.4872
340,1263,62,0,0,976,1280,0.2566
341,1264,22,0,0,976,1280,0.623
342,1264,14,0,0,976,1280,0.2887
343,1265,22,0,0,976,1280,0.4336
344,1265,14,0,0,976,1280,0.3292
345,1266,22,0,0,976,1280,0.3262
346,1266,14,0,0,976,1280,0.1816
347,1266,7,0,0,976,1280,0.1118
348,1269,14,0,0,976,1280,0.6649
349,127,44,0,0,976,1280,0.3929
350,127,12,0,0,976,1280,0.2089
351,1270,35,0,0,976,1280,0.3444
352,1270,52,0,0,976,1280,0.1867
353,1272,62,0,0,976,1280,0.3629
354,1272,35,0,0,976,1280,0.1337
355,1273,44,0,0,976,1280,0.426
356,1273,12,0,0,976,1280,0.1122
357,1274,44,0,0,976,1280,0.6183
358,1278,22,0,0,976,1280,0.1692
359,1278,69,0,0,976,1280,0.1517
360,1278,72,0,0,976,1280,0.1153
361,1279,62,0,0,976,1280,0.5774
362,128,44,0,0,976,1280,0.3442
363,128,12,0,0,976,1280,0.1494
364,1280,62,0,0,976,1280,0.4335
365,1280,22,0,0,976,1280,0.113
366,1282,44,0,0,976,1280,0.2338
367,1282,12,0,0,976,1280,0.1496
368,1284,44,0,0,976,1280,0.442
369,129,12,0,0,976,1280,0.258
370,129,44,0,0,976,1280,0.1976
371,1290,62,0,0,976,1280,0.4196
372,1293,62,0,0,976,1280,0.2548
373,1293,22,0,0,976,1280,0.1854
374,1294,62,0,0,976,1280,0.4685
375,1294,68,0,0,976,1280,0.1941
376,1295,62,0,0,976,1280,0.6091
377,1295,68,0,0,976,1280,0.1776
378,1296,62,0,0,976,1280,0.6019
379,1296,68,0,0,976,1280,0.1464
380,1297,62,0,0,976,1280,0.5379
381,1297,9,0,0,976,1280,0.1198
382,1297,22,0,0,976,1280,0.1085
383,1298,62,0,0,976,1280,0.7122
384,13,7,0,0,976,1280,0.2357
385,13,22,0,0,976,1280,0.162
386,13,44,0,0,976,1280,0.1518
387,13,14,0,0,976,1280,0.1027
388,130,14,0,0,976,1280,0.113
389,130,62,0,0,976,1280,0.1121
390,130,35,0,0,976,1280,0.1047
391,1300,62,0,0,976,1280,0.9267
392,1302,62,0,0,976,1280,0.9413
393,1305,35,0,0,976,1280,0.264
394,1305,62,0,0,976,1280,0.2416
395,1305,53,0,0,976,1280,0.1159
396,1309,62,0,0,976,1280,0.4297
397,1309,22,0,0,976,1280,0.14
398,1311,62,0,0,976,1280,0.3648
399,1311,22,0,0,976,1280,0.3492
400,1312,44,0,0,976,1280,0.4058
401,1315,25,0,0,976,1280,0.9933
402,1316,25,0,0,976,1280,0.9922
403,132,62,0,0,976,1280,0.2786
404,1322,12,0,0,976,1280,0.271
405,1322,72,0,0,976,1280,0.129
406,1322,44,0,0,976,1280,0.1137
407,1323,44,0,0,976,1280,0.3284
408,1323,12,0,0,976,1280,0.1443
409,1326,7,0,0,976,1280,0.2212
410,1326,14,0,0,976,1280,0.1494
411,1326,39,0,0,976,1280,0.146
412,1326,72,0,0,976,1280,0.1262
413,1327,62,0,0,976,1280,0.2435
414,1327,35,0,0,976,1280,0.1342
415,1328,62,0,0,976,1280,0.6117
416,1329,62,0,0,976,1280,0.4043
417,1329,22,0,0,976,1280,0.1802
418,1330,68,0,0,976,1280,0.5254
419,1330,62,0,0,976,1280,0.1913
420,1331,68,0,0,976,1280,0.3285
421,1331,62,0,0,976,1280,0.2462
422,1332,62,0,0,976,1280,0.4057
423,1332,68,0,0,976,1280,0.2764
424,1333,22,0,0,976,1280,0.4962
425,1333,14,0,0,976,1280,0.146
426,1337,62,0,0,976,1280,0.4664
427,1337,22,0,0,976,1280,0.2096
428,134,62,0,0,976,1280,0.9397
429,1340,62,0,0,976,1280,0.3341
430,1345,62,0,0,976,1280,0.937
431,1347,62,0,0,976,1280,0.8587
432,1348,22,0,0,976,1280,0.9028
433,135,62,0,0,976,1280,0.9346
434,1350,22,0,0,976,1280,0.697
435,1353,62,0,0,976,1280,0.3803
436,1353,22,0,0,976,1280,0.2947
437,1354,35,0,0,976,1280,0.5688
438,1355,35,0,0,976,1280,0.3327
439,1355,62,0,0,976,1280,0.1082
440,1357,62,0,0,976,1280,0.5263
441,1358,62,0,0,976,1280,0.7018
442,1359,62,0,0,976,1280,0.334
443,1359,22,0,0,976,1280,0.1108
444,136,62,0,0,976,1280,0.4274
445,136,53,0,0,976,1280,0.1175
446,136,48,0,0,976,1280,0.1054
447,1361,14,0,0,976,1280,0.3944
448,1361,72,0,0,976,1280,0.1608
449,1363,44,0,0,976,1280,0.2912
450,1363,7,0,0,976,1280,0.149
451,1366,62,0,0,976,1280,0.4161
452,1366,22,0,0,976,1280,0.1883
453,1367,22,0,0,976,1280,0.3517
454,1367,62,0,0,976,1280,0.309
455,1367,14,0,0,976,1280,0.1028
456,1369,22,0,0,976,1280,0.5555
457,1369,62,0,0,976,1280,0.259
458,1371,62,0,0,976,1280,0.4084
459,1371,22,0,0,976,1280,0.3553
460,1372,44,0,0,976,1280,0.2518
461,1372,12,0,0,976,1280,0.1488
462,1376,62,0,0,976,1280,0.4965
463,1376,53,0,0,976,1280,0.1019
464,1377,62,0,0,976,1280,0.8008
465,1378,62,0,0,976,1280,0.4351
466,1378,22,0,0,976,1280,0.188
467,1379,62,0,0,976,1280,0.5243
468,1379,22,0,0,976,1280,0.2327
469,1381,22,0,0,976,1280,0.2152
470,1381,14,0,0,976,1280,0.1491
471,1381,7,0,0,976,1280,0.1268
472,1381,39,0,0,976,1280,0.102
473,1384,62,0,0,976,1280,0.3112
474,1384,68,0,0,976,1280,0.1531
475,1384,22,0,0,976,1280,0.1295
476,1385,22,0,0,976,1280,0.217
477,1385,62,0,0,976,1280,0.2147
478,1385,68,0,0,976,1280,0.1144
479,1386,62,0,0,976,1280,0.2111
480,1386,46,0,0,976,1280,0.181
481,1386,22,0,0,976,1280,0.1603
482,1386,68,0,0,976,1280,0.1006
483,1387,62,0,0,976,1280,0.3528
484,1387,22,0,0,976,1280,0.1164
485,139,62,0,0,976,1280,0.793
486,1390,44,0,0,976,1280,0.6707
487,1392,44,0,0,976,1280,0.787
488,1393,22,0,0,976,1280,0.5001
489,1393,62,0,0,976,1280,0.133
490,1395,22,0,0,976,1280,0.62
491,1395,62,0,0,976,1280,0.1126
492,1395,14,0,0,976,1280,0.1031
493,1396,44,0,0,976,1280,0.2393
494,1396,12,0,0,976,1280,0.1293
495,1396,72,0,0,976,1280,0.1132
496,140,62,0,0,976,1280,0.7954
497,1401,22,0,0,976,1280,0.292
498,1401,62,0,0,976,1280,0.2518
499,1402,22,0,0,976,1280,0.2055
500,1402,44,0,0,976,1280,0.1725
501,1402,7,0,0,976,1280,0.1391
502,1404,44,0,0,976,1280,0.1995
503,1404,7,0,0,976,1280,0.1788
504,1404,22,0,0,976,1280,0.14
505,1407,44,0,0,976,1280,0.3638
506,1407,7,0,0,976,1280,0.1279
507,1407,22,0,0,976,1280,0.1058
508,1408,62,0,0,976,1280,0.4404
509,1408,22,0,0,976,1280,0.2657
510,1411,62,0,0,976,1280,0.3416
511,1411,68,0,0,976,1280,0.1118
512,1413,62,0,0,976,1280,0.3241
513,1414,52,0,0,976,1280,0.3332
514,1414,35,0,0,976,1280,0.1726
515,1414,62,0,0,976,1280,0.1001
516,1418,62,0,0,976,1280,0.5678
517,142,22,0,0,976,1280,0.4624
518,142,62,0,0,976,1280,0.3243
519,1420,25,0,0,976,1280,0.9861
520,1421,25,0,0,976,1280,0.9927
521,1424,62,0,0,976,1280,0.8771
522,1425,62,0,0,976,1280,0.9638
523,1429,62,0,0,976,1280,0.471
524,1429,22,0,0,976,1280,0.1439
525,143,62,0,0,976,1280,0.4779
526,143,22,0,0,976,1280,0.2542
527,1431,62,0,0,976,1280,0.4148
528,1431,22,0,0,976,1280,0.1323
529,1433,72,0,0,976,1280,0.3495
530,1433,7,0,0,976,1280,0.2692
531,1433,25,0,0,976,1280,0.1472
532,1435,22,0,0,976,1280,0.6981
533,1435,14,0,0,976,1280,0.1886
534,1436,22,0,0,976,1280,0.3648
535,1436,14,0,0,976,1280,0.3335
536,1438,62,0,0,976,1280,0.2145
537,1438,22,0,0,976,1280,0.2032
538,1439,62,0,0,976,1280,0.4761
539,1439,22,0,0,976,1280,0.1708
540,1441,14,0,0,976,1280,0.2702
541,1441,62,0,0,976,1280,0.2142
542,1441,22,0,0,976,1280,0.1717
543,1442,62,0,0,976,1280,0.3455
544,1442,22,0,0,976,1280,0.1817
545,1442,14,0,0,976,1280,0.1026
546,1444,44,0,0,976,1280,0.3852
547,1444,72,0,0,976,1280,0.1911
548,1446,44,0,0,976,1280,0.7564
549,1447,22,0,0,976,1280,0.2947
550,1447,62,0,0,976,1280,0.1824
551,1447,14,0,0,976,1280,0.1553
552,1449,62,0,0,976,1280,0.2982
553,1449,22,0,0,976,1280,0.2415
554,1450,44,0,0,976,1280,0.6076
555,1452,44,0,0,976,1280,0.5631
556,1453,25,0,0,976,1280,0.9973
557,1455,25,0,0,976,1280,0.9984
558,1458,44,0,0,976,1280,0.8681
559,1459,44,0,0,976,1280,0.4142
560,146,62,0,0,976,1280,0.886
561,1460,44,0,0,976,1280,0.3967
562,1461,44,0,0,976,1280,0.477
563,1462,62,0,0,976,1280,0.313
564,1462,22,0,0,976,1280,0.1742
565,1462,46,0,0,976,1280,0.1355
566,1463,62,0,0,976,1280,0.321
567,1463,68,0,0,976,1280,0.1678
568,1463,22,0,0,976,1280,0.1308
569,1463,46,0,0,976,1280,0.1118
570,1464,62,0,0,976,1280,0.3484
571,1464,68,0,0,976,1280,0.1699
572,1464,22,0,0,976,1280,0.1349
573,1466,22,0,0,976,1280,0.6637
574,1466,62,0,0,976,1280,0.1459
575,1473,62,0,0,976,1280,0.6152
576,1473,22,0,0,976,1280,0.2052
577,1474,62,0,0,976,1280,0.3724
578,1474,68,0,0,976,1280,0.3374
579,1476,62,0,0,976,1280,0.3385
580,1476,68,0,0,976,1280,0.1882
581,1477,14,0,0,976,1280,0.2583
582,1477,72,0,0,976,1280,0.1417
583,1477,7,0,0,976,1280,0.1397
584,148,22,0,0,976,1280,0.2626
585,148,7,0,0,976,1280,0.1583
586,1480,35,0,0,976,1280,0.2405
587,1480,52,0,0,976,1280,0.1284
588,1480,14,0,0,976,1280,0.1206
589,1483,62,0,0,976,1280,0.6122
590,1485,62,0,0,976,1280,0.7177
591,1488,22,0,0,976,1280,0.6832
592,1488,39,0,0,976,1280,0.1051
593,1489,22,0,0,976,1280,0.8616
594,149,72,0,0,976,1280,0.2619
595,149,22,0,0,976,1280,0.1695
596,1492,62,0,0,976,1280,0.3007
597,1492,27,0,0,976,1280,0.133
598,1492,22,0,0,976,1280,0.1224
599,1493,27,0,0,976,1280,0.2197
600,1493,72,0,0,976,1280,0.2168
601,1497,62,0,0,976,1280,0.7416
602,15,7,0,0,976,1280,0.2417
603,15,14,0,0,976,1280,0.143
604,15,44,0,0,976,1280,0.1324
605,15,22,0,0,976,1280,0.1135
606,150,22,0,0,976,1280,0.2283
607,150,72,0,0,976,1280,0.192
608,150,7,0,0,976,1280,0.1095
609,1500,72,0,0,976,1280,0.3792
610,1500,22,0,0,976,1280,0.1129
611,1500,7,0,0,976,1280,0.109
612,151,62,0,0,976,1280,0.3532
613,151,22,0,0,976,1280,0.1477
614,152,62,0,0,976,1280,0.5521
615,152,22,0,0,976,1280,0.1477
616,153,62,0,0,976,1280,0.5156
617,153,22,0,0,976,1280,0.1675
618,154,44,0,0,976,1280,0.7939
619,155,44,0,0,976,1280,0.6561
620,156,44,0,0,976,1280,0.6584
621,157,62,0,0,976,1280,0.206
622,157,22,0,0,976,1280,0.1303
623,157,68,0,0,976,1280,0.1161
624,159,62,0,0,976,1280,0.2635
625,159,46,0,0,976,1280,0.1666
626,159,68,0,0,976,1280,0.1213
627,160,62,0,0,976,1280,0.7069
628,162,62,0,0,976,1280,0.8823
629,163,62,0,0,976,1280,0.4855
630,163,22,0,0,976,1280,0.2183
631,164,22,0,0,976,1280,0.381
632,164,62,0,0,976,1280,0.2539
633,165,22,0,0,976,1280,0.3484
634,165,62,0,0,976,1280,0.2822
635,165,14,0,0,976,1280,0.1076
636,17,69,0,0,976,1280,0.2296
637,17,72,0,0,976,1280,0.2115
638,17,7,0,0,976,1280,0.1174
639,170,44,0,0,976,1280,0.4655
640,170,12,0,0,976,1280,0.1171
641,172,62,0,0,976,1280,0.475
642,173,62,0,0,976,1280,0.5062
643,174,62,0,0,976,1280,0.4149
644,174,46,0,0,976,1280,0.1784
645,175,62,0,0,976,1280,0.5491
646,176,62,0,0,976,1280,0.356
647,179,22,0,0,976,1280,0.5868
648,179,62,0,0,976,1280,0.1098
649,180,22,0,0,976,1280,0.5489
650,180,14,0,0,976,1280,0.1633
651,180,62,0,0,976,1280,0.1248
652,183,62,0,0,976,1280,0.2395
653,183,35,0,0,976,1280,0.1442
654,185,62,0,0,976,1280,0.6579
655,185,22,0,0,976,1280,0.162
656,186,62,0,0,976,1280,0.7614
657,186,22,0,0,976,1280,0.1087
658,189,44,0,0,976,1280,0.3484
659,19,62,0,0,976,1280,0.4272
660,19,22,0,0,976,1280,0.1636
661,191,62,0,0,976,1280,0.6091
662,191,53,0,0,976,1280,0.1073
663,196,44,0,0,976,1280,0.2418
664,197,44,0,0,976,1280,0.4452
665,198,44,0,0,976,1280,0.3878
666,198,12,0,0,976,1280,0.1091
667,199,62,0,0,976,1280,0.3943
668,200,62,0,0,976,1280,0.2384
669,202,35,0,0,976,1280,0.3353
670,202,62,0,0,976,1280,0.1433
671,202,22,0,0,976,1280,0.1142
672,203,22,0,0,976,1280,0.2876
673,203,62,0,0,976,1280,0.2471
674,204,22,0,0,976,1280,0.3
675,204,62,0,0,976,1280,0.2488
676,205,62,0,0,976,1280,0.4191
677,205,22,0,0,976,1280,0.1794
678,205,14,0,0,976,1280,0.1387
679,210,22,0,0,976,1280,0.6522
680,212,62,0,0,976,1280,0.617
681,212,22,0,0,976,1280,0.121
682,213,62,0,0,976,1280,0.5468
683,213,22,0,0,976,1280,0.1277
684,214,62,0,0,976,1280,0.5021
685,215,62,0,0,976,1280,0.5787
686,217,44,0,0,976,1280,0.3278
687,219,44,0,0,976,1280,0.203
688,219,12,0,0,976,1280,0.1501
689,222,22,0,0,976,1280,0.3684
690,222,72,0,0,976,1280,0.115
691,224,68,0,0,976,1280,0.3685
692,224,62,0,0,976,1280,0.3416
693,225,62,0,0,976,1280,0.4265
694,225,68,0,0,976,1280,0.2299
695,226,22,0,0,976,1280,0.5118
696,226,62,0,0,976,1280,0.3207
697,229,44,0,0,976,1280,0.5738
698,23,62,0,0,976,1280,0.316
699,23,68,0,0,976,1280,0.1805
700,23,22,0,0,976,1280,0.129
701,231,44,0,0,976,1280,0.8046
702,232,62,0,0,976,1280,0.3845
703,232,22,0,0,976,1280,0.1812
704,234,22,0,0,976,1280,0.3512
705,234,62,0,0,976,1280,0.2433
706,234,14,0,0,976,1280,0.107
707,236,62,0,0,976,1280,0.5633
708,237,62,0,0,976,1280,0.6843
709,238,22,0,0,976,1280,0.4415
710,238,14,0,0,976,1280,0.1013
711,24,62,0,0,976,1280,0.3036
712,24,68,0,0,976,1280,0.1773
713,24,22,0,0,976,1280,0.1092
714,241,62,0,0,976,1280,0.2199
715,241,22,0,0,976,1280,0.1849
716,243,27,0,0,976,1280,0.3275
717,243,72,0,0,976,1280,0.226
718,244,62,0,0,976,1280,0.6551
719,247,44,0,0,976,1280,0.4397
720,247,12,0,0,976,1280,0.1414
721,248,44,0,0,976,1280,0.4132
722,248,12,0,0,976,1280,0.1487
723,249,44,0,0,976,1280,0.2011
724,249,12,0,0,976,1280,0.1894
725,250,14,0,0,976,1280,0.3766
726,250,22,0,0,976,1280,0.1338
727,250,7,0,0,976,1280,0.1223
728,250,39,0,0,976,1280,0.1018
729,251,14,0,0,976,1280,0.3362
730,251,25,0,0,976,1280,0.2626
731,251,7,0,0,976,1280,0.1182
732,252,39,0,0,976,1280,0.3993
733,252,7,0,0,976,1280,0.1868
734,252,25,0,0,976,1280,0.1053
735,253,25,0,0,976,1280,0.4839
736,253,7,0,0,976,1280,0.144
737,253,35,0,0,976,1280,0.13
738,256,72,0,0,976,1280,0.3128
739,256,44,0,0,976,1280,0.1969
740,256,7,0,0,976,1280,0.1296
741,259,22,0,0,976,1280,0.5589
742,262,62,0,0,976,1280,0.6214
743,262,68,0,0,976,1280,0.2027
744,264,62,0,0,976,1280,0.6087
745,264,68,0,0,976,1280,0.1465
746,265,62,0,0,976,1280,0.4971
747,265,22,0,0,976,1280,0.1166
748,266,62,0,0,976,1280,0.4876
749,27,44,0,0,976,1280,0.8321
750,271,62,0,0,976,1280,0.2409
751,271,69,0,0,976,1280,0.13
752,273,35,0,0,976,1280,0.498
753,273,62,0,0,976,1280,0.1194
754,274,22,0,0,976,1280,0.6696
755,275,22,0,0,976,1280,0.5046
756,277,62,0,0,976,1280,0.4261
757,277,22,0,0,976,1280,0.1282
758,278,62,0,0,976,1280,0.2426
759,278,22,0,0,976,1280,0.1073
760,28,62,0,0,976,1280,0.3345
761,280,22,0,0,976,1280,0.4964
762,286,62,0,0,976,1280,0.2431
763,286,22,0,0,976,1280,0.195
764,287,62,0,0,976,1280,0.2004
765,287,22,0,0,976,1280,0.1755
766,288,62,0,0,976,1280,0.3239
767,288,68,0,0,976,1280,0.1161
768,289,44,0,0,976,1280,0.4516
769,289,7,0,0,976,1280,0.1364
770,29,62,0,0,976,1280,0.2745
771,291,44,0,0,976,1280,0.2995
772,291,72,0,0,976,1280,0.1378
773,291,7,0,0,976,1280,0.1171
774,291,12,0,0,976,1280,0.1029
775,292,44,0,0,976,1280,0.342
776,292,72,0,0,976,1280,0.2394
777,292,7,0,0,976,1280,0.1569
778,295,22,0,0,976,1280,0.677
779,298,62,0,0,976,1280,0.4012
780,298,22,0,0,976,1280,0.1717
781,299,62,0,0,976,1280,0.6072
782,299,22,0,0,976,1280,0.1785
783,3,52,0,0,976,1280,0.2153
784,3,35,0,0,976,1280,0.2062
785,3,62,0,0,976,1280,0.141
786,302,14,0,0,976,1280,0.2883
787,302,72,0,0,976,1280,0.2134
788,302,25,0,0,976,1280,0.1277
789,304,44,0,0,976,1280,0.3867
790,304,72,0,0,976,1280,0.1038
791,308,72,0,0,976,1280,0.352
792,308,14,0,0,976,1280,0.142
793,308,7,0,0,976,1280,0.1339
794,31,62,0,0,976,1280,0.6953
795,310,62,0,0,976,1280,0.7242
796,313,62,0,0,976,1280,0.2942
797,313,68,0,0,976,1280,0.2777
798,315,62,0,0,976,1280,0.2796
799,315,68,0,0,976,1280,0.163
800,315,35,0,0,976,1280,0.1013
801,316,62,0,0,976,1280,0.6286
802,317,62,0,0,976,1280,0.3176
803,32,62,0,0,976,1280,0.5677
804,320,62,0,0,976,1280,0.2949
805,323,62,0,0,976,1280,0.3373
806,323,22,0,0,976,1280,0.1886
807,324,22,0,0,976,1280,0.3683
808,324,62,0,0,976,1280,0.1773
809,324,14,0,0,976,1280,0.1364
810,325,62,0,0,976,1280,0.8008
811,327,62,0,0,976,1280,0.9462
812,328,62,0,0,976,1280,0.9081
813,332,62,0,0,976,1280,0.8221
814,334,62,0,0,976,1280,0.2372
815,334,14,0,0,976,1280,0.186
816,334,22,0,0,976,1280,0.1507
817,334,16,0,0,976,1280,0.1212
818,335,22,0,0,976,1280,0.2203
819,335,62,0,0,976,1280,0.2025
820,335,35,0,0,976,1280,0.1478
821,336,62,0,0,976,1280,0.3009
822,336,22,0,0,976,1280,0.2521
823,336,14,0,0,976,1280,0.1115
824,337,22,0,0,976,1280,0.261
825,337,62,0,0,976,1280,0.1565
826,338,22,0,0,976,1280,0.2832
827,338,62,0,0,976,1280,0.2294
828,338,14,0,0,976,1280,0.1211
829,339,62,0,0,976,1280,0.2481
830,339,22,0,0,976,1280,0.1796
831,340,62,0,0,976,1280,0.3303
832,340,68,0,0,976,1280,0.2197
833,340,22,0,0,976,1280,0.1672
834,341,62,0,0,976,1280,0.4287
835,341,68,0,0,976,1280,0.2498
836,344,62,0,0,976,1280,0.3904
837,344,22,0,0,976,1280,0.2947
838,345,22,0,0,976,1280,0.5559
839,345,62,0,0,976,1280,0.1981
840,346,62,0,0,976,1280,0.5736
841,347,62,0,0,976,1280,0.452
842,349,62,0,0,976,1280,0.5056
843,349,68,0,0,976,1280,0.1774
844,352,44,0,0,976,1280,0.4774
845,355,44,0,0,976,1280,0.7614
846,356,44,0,0,976,1280,0.843
847,359,62,0,0,976,1280,0.9497
848,361,62,0,0,976,1280,0.2211
849,361,27,0,0,976,1280,0.1649
850,361,72,0,0,976,1280,0.1459
851,364,7,0,0,976,1280,0.14
852,364,14,0,0,976,1280,0.1253
853,364,22,0,0,976,1280,0.1033
854,372,68,0,0,976,1280,0.5783
855,372,62,0,0,976,1280,0.1527
856,374,62,0,0,976,1280,0.1834
857,374,35,0,0,976,1280,0.1281
858,379,25,0,0,976,1280,0.9727
859,38,62,0,0,976,1280,0.6932
860,380,25,0,0,976,1280,0.9948
861,382,44,0,0,976,1280,0.3497
862,382,18,0,0,976,1280,0.1676
863,384,44,0,0,976,1280,0.3735
864,387,62,0,0,976,1280,0.917
865,389,68,0,0,976,1280,0.3536
866,389,62,0,0,976,1280,0.2066
867,390,68,0,0,976,1280,0.4784
868,390,62,0,0,976,1280,0.1999
869,390,44,0,0,976,1280,0.1447
870,392,62,0,0,976,1280,0.6229
871,392,22,0,0,976,1280,0.1162
872,393,62,0,0,976,1280,0.5194
873,393,22,0,0,976,1280,0.22
874,394,22,0,0,976,1280,0.403
875,394,62,0,0,976,1280,0.1738
876,394,68,0,0,976,1280,0.1222
877,395,22,0,0,976,1280,0.3833
878,395,62,0,0,976,1280,0.2633
879,395,68,0,0,976,1280,0.129
880,396,22,0,0,976,1280,0.5217
881,396,62,0,0,976,1280,0.2395
882,4,62,0,0,976,1280,0.5323
883,40,62,0,0,976,1280,0.8882
884,400,62,0,0,976,1280,0.5282
885,400,22,0,0,976,1280,0.1074
886,401,62,0,0,976,1280,0.2782
887,401,22,0,0,976,1280,0.1796
888,401,64,0,0,976,1280,0.1027
889,404,69,0,0,976,1280,0.3365
890,404,7,0,0,976,1280,0.1805
891,404,72,0,0,976,1280,0.1791
892,409,62,0,0,976,1280,0.4991
893,41,62,0,0,976,1280,0.9681
894,411,62,0,0,976,1280,0.2377
895,411,53,0,0,976,1280,0.1899
896,411,46,0,0,976,1280,0.1052
897,412,44,0,0,976,1280,0.4098
898,413,44,0,0,976,1280,0.5199
899,414,44,0,0,976,1280,0.2508
900,414,12,0,0,976,1280,0.1022
901,415,62,0,0,976,1280,0.9582
902,416,62,0,0,976,1280,0.9221
903,417,62,0,0,976,1280,0.8776
904,419,62,0,0,976,1280,0.2931
905,419,46,0,0,976,1280,0.1495
906,419,22,0,0,976,1280,0.1481
907,42,62,0,0,976,1280,0.9275
908,420,62,0,0,976,1280,0.2478
909,420,22,0,0,976,1280,0.1583
910,420,68,0,0,976,1280,0.1271
911,422,62,0,0,976,1280,0.5489
912,422,68,0,0,976,1280,0.1088
913,423,62,0,0,976,1280,0.6702
914,429,62,0,0,976,1280,0.4054
915,429,68,0,0,976,1280,0.3272
916,430,62,0,0,976,1280,0.9151
917,431,62,0,0,976,1280,0.8916
918,432,62,0,0,976,1280,0.6895
919,433,62,0,0,976,1280,0.3823
920,433,69,0,0,976,1280,0.1104
921,434,62,0,0,976,1280,0.3743
922,435,62,0,0,976,1280,0.449
923,436,62,0,0,976,1280,0.7869
924,44,22,0,0,976,1280,0.4225
925,44,14,0,0,976,1280,0.3348
926,443,44,0,0,976,1280,0.4281
927,443,72,0,0,976,1280,0.2082
928,444,44,0,0,976,1280,0.554
929,444,72,0,0,976,1280,0.1174
930,449,62,0,0,976,1280,0.4623
931,449,68,0,0,976,1280,0.2928
932,452,62,0,0,976,1280,0.4441
933,454,72,0,0,976,1280,0.1764
934,454,44,0,0,976,1280,0.1395
935,454,12,0,0,976,1280,0.1211
936,454,69,0,0,976,1280,0.1009
937,455,44,0,0,976,1280,0.4069
938,456,44,0,0,976,1280,0.353
939,456,12,0,0,976,1280,0.1027
940,457,44,0,0,976,1280,0.4949
941,458,44,0,0,976,1280,0.4703
942,459,44,0,0,976,1280,0.3271
943,459,12,0,0,976,1280,0.1412
944,459,72,0,0,976,1280,0.1169
945,46,44,0,0,976,1280,0.7834
946,460,44,0,0,976,1280,0.5044
947,462,44,0,0,976,1280,0.7928
948,463,22,0,0,976,1280,0.4656
949,463,62,0,0,976,1280,0.3009
950,464,22,0,0,976,1280,0.4816
951,464,62,0,0,976,1280,0.332
952,465,22,0,0,976,1280,0.4589
953,465,62,0,0,976,1280,0.3064
954,468,44,0,0,976,1280,0.8141
955,469,62,0,0,976,1280,0.5553
956,47,44,0,0,976,1280,0.7212
957,472,62,0,0,976,1280,0.6404
958,474,62,0,0,976,1280,0.3064
959,474,22,0,0,976,1280,0.1235
960,475,44,0,0,976,1280,0.5619
961,477,44,0,0,976,1280,0.6374
962,479,62,0,0,976,1280,0.1942
963,481,44,0,0,976,1280,0.381
964,482,44,0,0,976,1280,0.3495
965,482,72,0,0,976,1280,0.1038
966,484,25,0,0,976,1280,0.9948
967,485,25,0,0,976,1280,0.9995
968,486,25,0,0,976,1280,0.9985
969,487,62,0,0,976,1280,0.9525
970,493,62,0,0,976,1280,0.3944
971,493,22,0,0,976,1280,0.3486
972,494,22,0,0,976,1280,0.5431
973,494,62,0,0,976,1280,0.2786
974,496,14,0,0,976,1280,0.6817
975,496,22,0,0,976,1280,0.1909
976,497,14,0,0,976,1280,0.5601
977,497,22,0,0,976,1280,0.1822
978,499,46,0,0,976,1280,0.1716
979,499,62,0,0,976,1280,0.1584
980,499,68,0,0,976,1280,0.1493
981,5,62,0,0,976,1280,0.7007
982,500,68,0,0,976,1280,0.2154
983,500,62,0,0,976,1280,0.1564
984,500,44,0,0,976,1280,0.1558
985,501,68,0,0,976,1280,0.2297
986,501,44,0,0,976,1280,0.134
987,501,46,0,0,976,1280,0.1147
988,502,48,0,0,976,1280,0.2302
989,502,62,0,0,976,1280,0.1234
990,502,22,0,0,976,1280,0.1053
991,503,68,0,0,976,1280,0.2057
992,503,22,0,0,976,1280,0.2009
993,503,62,0,0,976,1280,0.1956
994,506,22,0,0,976,1280,0.6935
995,507,22,0,0,976,1280,0.5912
996,508,14,0,0,976,1280,0.217
997,508,62,0,0,976,1280,0.1605
998,508,22,0,0,976,1280,0.1371
999,508,5,0,0,976,1280,0.107
1000,509,14,0,0,976,1280,0.1983
1001,509,72,0,0,976,1280,0.1915
1002,509,7,0,0,976,1280,0.1324
1003,509,27,0,0,976,1280,0.1027
1004,511,62,0,0,976,1280,0.2545
1005,511,46,0,0,976,1280,0.2394
1006,515,62,0,0,976,1280,0.3363
1007,516,62,0,0,976,1280,0.2164
1008,516,59,0,0,976,1280,0.1886
1009,517,62,0,0,976,1280,0.9134
1010,518,62,0,0,976,1280,0.8996
1011,519,62,0,0,976,1280,0.9365
1012,520,22,0,0,976,1280,0.3197
1013,520,62,0,0,976,1280,0.271
1014,521,22,0,0,976,1280,0.3332
1015,521,62,0,0,976,1280,0.2076
1016,521,14,0,0,976,1280,0.1429
1017,522,62,0,0,976,1280,0.428
1018,522,22,0,0,976,1280,0.1628
1019,525,62,0,0,976,1280,0.5111
1020,525,22,0,0,976,1280,0.2178
1021,526,62,0,0,976,1280,0.3011
1022,526,22,0,0,976,1280,0.1234
1023,527,62,0,0,976,1280,0.4047
1024,527,22,0,0,976,1280,0.131
1025,528,62,0,0,976,1280,0.4404
1026,528,22,0,0,976,1280,0.1111
1027,529,22,0,0,976,1280,0.4684
1028,529,62,0,0,976,1280,0.2184
1029,53,44,0,0,976,1280,0.5652
1030,530,22,0,0,976,1280,0.3871
1031,530,62,0,0,976,1280,0.17
1032,531,22,0,0,976,1280,0.469
1033,531,62,0,0,976,1280,0.2767
1034,532,44,0,0,976,1280,0.3032
1035,532,18,0,0,976,1280,0.1079
1036,533,44,0,0,976,1280,0.2988
1037,533,18,0,0,976,1280,0.1168
1038,534,44,0,0,976,1280,0.2309
1039,535,62,0,0,976,1280,0.8647
1040,536,62,0,0,976,1280,0.8424
1041,537,62,0,0,976,1280,0.7998
1042,539,22,0,0,976,1280,0.1867
1043,539,72,0,0,976,1280,0.1128
1044,54,44,0,0,976,1280,0.388
1045,54,72,0,0,976,1280,0.2108
1046,54,7,0,0,976,1280,0.1108
1047,540,22,0,0,976,1280,0.3094
1048,541,62,0,0,976,1280,0.9315
1049,542,62,0,0,976,1280,0.9638
1050,543,62,0,0,976,1280,0.9712
1051,545,22,0,0,976,1280,0.3
1052,545,62,0,0,976,1280,0.193
1053,545,14,0,0,976,1280,0.1082
1054,546,14,0,0,976,1280,0.3646
1055,546,22,0,0,976,1280,0.29
1056,546,62,0,0,976,1280,0.1086
1057,547,62,0,0,976,1280,0.2374
1058,547,14,0,0,976,1280,0.1781
1059,547,22,0,0,976,1280,0.1039
1060,548,35,0,0,976,1280,0.362
1061,548,62,0,0,976,1280,0.1394
1062,55,25,0,0,976,1280,0.9793
1063,551,62,0,0,976,1280,0.3124
1064,551,22,0,0,976,1280,0.1559
1065,552,62,0,0,976,1280,0.3962
1066,552,68,0,0,976,1280,0.1598
1067,552,22,0,0,976,1280,0.1412
1068,553,62,0,0,976,1280,0.316
1069,553,68,0,0,976,1280,0.2704
1070,553,22,0,0,976,1280,0.1228
1071,555,68,0,0,976,1280,0.3867
1072,555,62,0,0,976,1280,0.3171
1073,56,25,0,0,976,1280,0.9968
1074,560,62,0,0,976,1280,0.555
1075,564,62,0,0,976,1280,0.7078
1076,565,44,0,0,976,1280,0.5121
1077,569,44,0,0,976,1280,0.2129
1078,569,12,0,0,976,1280,0.1473
1079,571,62,0,0,976,1280,0.4929
1080,571,22,0,0,976,1280,0.1159
1081,572,62,0,0,976,1280,0.6745
1082,573,62,0,0,976,1280,0.6569
1083,574,44,0,0,976,1280,0.5401
1084,575,44,0,0,976,1280,0.4711
1085,576,44,0,0,976,1280,0.366
1086,576,12,0,0,976,1280,0.1379
1087,577,62,0,0,976,1280,0.6089
1088,577,53,0,0,976,1280,0.1323
1089,578,62,0,0,976,1280,0.5669
1090,578,53,0,0,976,1280,0.1318
1091,579,62,0,0,976,1280,0.671
1092,58,62,0,0,976,1280,0.6368
1093,58,68,0,0,976,1280,0.1069
1094,581,62,0,0,976,1280,0.2806
1095,581,64,0,0,976,1280,0.2258
1096,583,44,0,0,976,1280,0.1545
1097,583,72,0,0,976,1280,0.1434
1098,583,12,0,0,976,1280,0.127
1099,584,44,0,0,976,1280,0.3081
1100,584,12,0,0,976,1280,0.1187
1101,584,72,0,0,976,1280,0.1142
1102,586,62,0,0,976,1280,0.3179
1103,586,22,0,0,976,1280,0.256
1104,587,22,0,0,976,1280,0.238
1105,587,62,0,0,976,1280,0.218
1106,587,68,0,0,976,1280,0.1045
1107,588,62,0,0,976,1280,0.3264
1108,588,22,0,0,976,1280,0.1505
1109,588,68,0,0,976,1280,0.1369
1110,589,62,0,0,976,1280,0.3599
1111,589,46,0,0,976,1280,0.2147
1112,591,62,0,0,976,1280,0.2747
1113,591,46,0,0,976,1280,0.1865
1114,591,22,0,0,976,1280,0.1246
1115,592,62,0,0,976,1280,0.4532
1116,592,22,0,0,976,1280,0.1415
1117,593,62,0,0,976,1280,0.5889
1118,593,9,0,0,976,1280,0.1137
1119,594,62,0,0,976,1280,0.5731
1120,594,9,0,0,976,1280,0.1302
1121,594,22,0,0,976,1280,0.1071
1122,595,14,0,0,976,1280,0.242
1123,595,22,0,0,976,1280,0.2345
1124,595,7,0,0,976,1280,0.1187
1125,596,7,0,0,976,1280,0.2214
1126,596,14,0,0,976,1280,0.2159
1127,596,72,0,0,976,1280,0.1525
1128,598,14,0,0,976,1280,0.4578
1129,598,7,0,0,976,1280,0.1225
1130,60,62,0,0,976,1280,0.6945
1131,600,14,0,0,976,1280,0.2728
1132,600,7,0,0,976,1280,0.2071
1133,600,25,0,0,976,1280,0.1377
1134,601,62,0,0,976,1280,0.8808
1135,602,62,0,0,976,1280,0.7942
1136,603,62,0,0,976,1280,0.9096
1137,605,62,0,0,976,1280,0.3569
1138,605,22,0,0,976,1280,0.206
1139,608,44,0,0,976,1280,0.154
1140,608,14,0,0,976,1280,0.1257
1141,608,7,0,0,976,1280,0.117
1142,608,25,0,0,976,1280,0.1072
1143,610,62,0,0,976,1280,0.5995
1144,610,68,0,0,976,1280,0.1519
1145,610,22,0,0,976,1280,0.1108
1146,611,62,0,0,976,1280,0.5757
1147,611,22,0,0,976,1280,0.1673
1148,612,62,0,0,976,1280,0.545
1149,612,68,0,0,976,1280,0.175
1150,612,22,0,0,976,1280,0.1245
1151,614,22,0,0,976,1280,0.2081
1152,614,14,0,0,976,1280,0.2055
1153,614,72,0,0,976,1280,0.1618
1154,614,7,0,0,976,1280,0.1025
1155,615,14,0,0,976,1280,0.2505
1156,615,22,0,0,976,1280,0.2005
1157,615,7,0,0,976,1280,0.1301
1158,615,72,0,0,976,1280,0.1264
1159,616,62,0,0,976,1280,0.4778
1160,616,22,0,0,976,1280,0.2274
1161,617,62,0,0,976,1280,0.6377
1162,617,22,0,0,976,1280,0.1129
1163,618,62,0,0,976,1280,0.6167
1164,618,22,0,0,976,1280,0.1323
1165,62,72,0,0,976,1280,0.3806
1166,62,27,0,0,976,1280,0.3258
1167,620,44,0,0,976,1280,0.4738
1168,621,44,0,0,976,1280,0.6623
1169,622,22,0,0,976,1280,0.4361
1170,622,62,0,0,976,1280,0.1053
1171,622,72,0,0,976,1280,0.1048
1172,623,72,0,0,976,1280,0.1863
1173,623,22,0,0,976,1280,0.1643
1174,623,14,0,0,976,1280,0.1634
1175,623,7,0,0,976,1280,0.1485
1176,624,22,0,0,976,1280,0.2069
1177,624,72,0,0,976,1280,0.1648
1178,624,7,0,0,976,1280,0.1576
1179,624,14,0,0,976,1280,0.1229
1180,625,62,0,0,976,1280,0.28
1181,627,62,0,0,976,1280,0.2626
1182,627,68,0,0,976,1280,0.1344
1183,628,62,0,0,976,1280,0.3551
1184,628,22,0,0,976,1280,0.273
1185,632,44,0,0,976,1280,0.6566
1186,632,72,0,0,976,1280,0.1346
1187,633,44,0,0,976,1280,0.7314
1188,635,62,0,0,976,1280,0.8203
1189,636,62,0,0,976,1280,0.5261
1190,636,22,0,0,976,1280,0.1471
1191,637,44,0,0,976,1280,0.3977
1192,637,12,0,0,976,1280,0.1135
1193,638,44,0,0,976,1280,0.4708
1194,64,22,0,0,976,1280,0.5152
1195,640,22,0,0,976,1280,0.3255
1196,640,7,0,0,976,1280,0.1242
1197,641,69,0,0,976,1280,0.221
1198,641,7,0,0,976,1280,0.2052
1199,641,22,0,0,976,1280,0.176
1200,644,44,0,0,976,1280,0.2544
1201,644,12,0,0,976,1280,0.1562
1202,646,62,0,0,976,1280,0.3605
1203,646,68,0,0,976,1280,0.2072
1204,646,22,0,0,976,1280,0.1395
1205,647,68,0,0,976,1280,0.3817
1206,647,62,0,0,976,1280,0.3683
1207,648,62,0,0,976,1280,0.3017
1208,648,68,0,0,976,1280,0.2083
1209,65,72,0,0,976,1280,0.1768
1210,65,22,0,0,976,1280,0.1245
1211,65,7,0,0,976,1280,0.1224
1212,65,14,0,0,976,1280,0.1059
1213,650,25,0,0,976,1280,0.3144
1214,650,7,0,0,976,1280,0.1934
1215,650,72,0,0,976,1280,0.1887
1216,650,14,0,0,976,1280,0.1701
1217,652,62,0,0,976,1280,0.4003
1218,653,62,0,0,976,1280,0.5029
1219,654,62,0,0,976,1280,0.5371
1220,656,62,0,0,976,1280,0.6846
1221,658,62,0,0,976,1280,0.4881
1222,659,62,0,0,976,1280,0.3291
1223,659,22,0,0,976,1280,0.1278
1224,659,53,0,0,976,1280,0.1267
1225,66,22,0,0,976,1280,0.215
1226,66,7,0,0,976,1280,0.1356
1227,66,72,0,0,976,1280,0.1168
1228,660,62,0,0,976,1280,0.2736
1229,660,35,0,0,976,1280,0.1165
1230,661,22,0,0,976,1280,0.932
1231,662,22,0,0,976,1280,0.7674
1232,664,62,0,0,976,1280,0.2406
1233,664,35,0,0,976,1280,0.2243
1234,665,62,0,0,976,1280,0.2453
1235,667,44,0,0,976,1280,0.5624
1236,668,44,0,0,976,1280,0.6243
1237,670,62,0,0,976,1280,0.3719
1238,672,62,0,0,976,1280,0.2894
1239,672,22,0,0,976,1280,0.1206
1240,672,69,0,0,976,1280,0.1017
1241,674,35,0,0,976,1280,0.3142
1242,674,62,0,0,976,1280,0.1365
1243,675,62,0,0,976,1280,0.3064
1244,675,52,0,0,976,1280,0.2348
1245,677,62,0,0,976,1280,0.2542
1246,677,52,0,0,976,1280,0.1288
1247,677,35,0,0,976,1280,0.1052
1248,679,44,0,0,976,1280,0.5142
1249,68,62,0,0,976,1280,0.2459
1250,68,22,0,0,976,1280,0.1688
1251,680,44,0,0,976,1280,0.3677
1252,680,72,0,0,976,1280,0.1134
1253,681,44,0,0,976,1280,0.6194
1254,684,62,0,0,976,1280,0.7321
1255,685,44,0,0,976,1280,0.4473
1256,685,12,0,0,976,1280,0.1466
1257,688,68,0,0,976,1280,0.3374
1258,688,62,0,0,976,1280,0.2849
1259,688,22,0,0,976,1280,0.125
1260,692,62,0,0,976,1280,0.4708
1261,694,62,0,0,976,1280,0.1387
1262,694,72,0,0,976,1280,0.1173
1263,694,7,0,0,976,1280,0.114
1264,697,22,0,0,976,1280,0.1821
1265,697,7,0,0,976,1280,0.1389
1266,697,44,0,0,976,1280,0.1333
1267,697,14,0,0,976,1280,0.1267
1268,698,72,0,0,976,1280,0.2929
1269,698,7,0,0,976,1280,0.2058
1270,70,35,0,0,976,1280,0.276
1271,70,62,0,0,976,1280,0.2695
1272,700,62,0,0,976,1280,0.5484
1273,700,22,0,0,976,1280,0.1312
1274,701,62,0,0,976,1280,0.5126
1275,701,22,0,0,976,1280,0.1634
1276,702,62,0,0,976,1280,0.3597
1277,702,22,0,0,976,1280,0.1786
1278,705,62,0,0,976,1280,0.4957
1279,705,22,0,0,976,1280,0.206
1280,706,44,0,0,976,1280,0.3768
1281,706,12,0,0,976,1280,0.105
1282,707,44,0,0,976,1280,0.198
1283,707,72,0,0,976,1280,0.1373
1284,707,12,0,0,976,1280,0.1156
1285,708,44,0,0,976,1280,0.4132
1286,710,62,0,0,976,1280,0.3896
1287,710,22,0,0,976,1280,0.3409
1288,712,44,0,0,976,1280,0.3784
1289,712,12,0,0,976,1280,0.1143
1290,713,44,0,0,976,1280,0.2345
1291,713,12,0,0,976,1280,0.1408
1292,713,72,0,0,976,1280,0.1255
1293,714,44,0,0,976,1280,0.337
1294,716,44,0,0,976,1280,0.2566
1295,717,44,0,0,976,1280,0.2237
1296,719,62,0,0,976,1280,0.452
1297,719,22,0,0,976,1280,0.1906
1298,72,62,0,0,976,1280,0.42
1299,720,62,0,0,976,1280,0.2672
1300,720,22,0,0,976,1280,0.2138
1301,720,14,0,0,976,1280,0.1426
1302,721,62,0,0,976,1280,0.7747
1303,724,14,0,0,976,1280,0.3304
1304,724,22,0,0,976,1280,0.1835
1305,724,62,0,0,976,1280,0.1424
1306,725,14,0,0,976,1280,0.3641
1307,725,22,0,0,976,1280,0.1537
1308,726,22,0,0,976,1280,0.2725
1309,726,62,0,0,976,1280,0.2514
1310,726,14,0,0,976,1280,0.1574
1311,727,62,0,0,976,1280,0.2537
1312,727,68,0,0,976,1280,0.1397
1313,727,44,0,0,976,1280,0.1296
1314,728,62,0,0,976,1280,0.1656
1315,728,68,0,0,976,1280,0.1567
1316,728,44,0,0,976,1280,0.1547
1317,73,62,0,0,976,1280,0.5088
1318,73,53,0,0,976,1280,0.1006
1319,731,62,0,0,976,1280,0.6703
1320,732,62,0,0,976,1280,0.6236
1321,738,62,0,0,976,1280,0.6089
1322,740,62,0,0,976,1280,0.3031
1323,740,22,0,0,976,1280,0.2168
1324,740,14,0,0,976,1280,0.139
1325,742,72,0,0,976,1280,0.3666
1326,742,44,0,0,976,1280,0.2369
1327,742,12,0,0,976,1280,0.1535
1328,743,44,0,0,976,1280,0.426
1329,743,72,0,0,976,1280,0.129
1330,743,7,0,0,976,1280,0.1216
1331,743,12,0,0,976,1280,0.1174
1332,745,22,0,0,976,1280,0.191
1333,745,7,0,0,976,1280,0.1371
1334,745,14,0,0,976,1280,0.1034
1335,747,39,0,0,976,1280,0.465
1336,747,7,0,0,976,1280,0.1742
1337,75,62,0,0,976,1280,0.6075
1338,750,62,0,0,976,1280,0.3774
1339,752,62,0,0,976,1280,0.422
1340,752,22,0,0,976,1280,0.1088
1341,754,22,0,0,976,1280,0.3809
1342,754,14,0,0,976,1280,0.2825
1343,756,22,0,0,976,1280,0.3974
1344,756,14,0,0,976,1280,0.1866
1345,758,62,0,0,976,1280,0.9097
1346,759,62,0,0,976,1280,0.95
1347,760,62,0,0,976,1280,0.6477
1348,760,22,0,0,976,1280,0.1219
1349,761,62,0,0,976,1280,0.6993
1350,763,62,0,0,976,1280,0.8676
1351,764,62,0,0,976,1280,0.9019
1352,766,62,0,0,976,1280,0.2565
1353,766,35,0,0,976,1280,0.1843
1354,766,68,0,0,976,1280,0.1475
1355,768,62,0,0,976,1280,0.2005
1356,768,68,0,0,976,1280,0.199
1357,768,35,0,0,976,1280,0.1227
1358,772,62,0,0,976,1280,0.6734
1359,773,62,0,0,976,1280,0.6097
1360,778,62,0,0,976,1280,0.1901
1361,778,68,0,0,976,1280,0.1464
1362,778,48,0,0,976,1280,0.116
1363,779,62,0,0,976,1280,0.2155
1364,779,48,0,0,976,1280,0.1385
1365,780,62,0,0,976,1280,0.2861
1366,780,68,0,0,976,1280,0.1744
1367,780,22,0,0,976,1280,0.1097
1368,782,22,0,0,976,1280,0.3189
1369,782,14,0,0,976,1280,0.2903
1370,782,7,0,0,976,1280,0.1043
1371,785,62,0,0,976,1280,0.3801
1372,785,46,0,0,976,1280,0.1788
1373,787,62,0,0,976,1280,0.453
1374,787,22,0,0,976,1280,0.2329
1375,787,68,0,0,976,1280,0.104
1376,788,62,0,0,976,1280,0.6192
1377,788,68,0,0,976,1280,0.1279
1378,79,22,0,0,976,1280,0.2057
1379,79,14,0,0,976,1280,0.1701
1380,79,7,0,0,976,1280,0.1554
1381,797,62,0,0,976,1280,0.7812
1382,797,53,0,0,976,1280,0.1104
1383,798,62,0,0,976,1280,0.8412
1384,799,62,0,0,976,1280,0.4568
1385,799,22,0,0,976,1280,0.3483
1386,8,22,0,0,976,1280,0.5929
1387,8,62,0,0,976,1280,0.2048
1388,80,22,0,0,976,1280,0.2541
1389,80,14,0,0,976,1280,0.1575
1390,80,72,0,0,976,1280,0.1329
1391,807,62,0,0,976,1280,0.3688
1392,807,46,0,0,976,1280,0.2107
1393,808,62,0,0,976,1280,0.5806
1394,810,62,0,0,976,1280,0.5623
1395,815,72,0,0,976,1280,0.2561
1396,815,7,0,0,976,1280,0.1786
1397,815,25,0,0,976,1280,0.1159
1398,817,62,0,0,976,1280,0.5299
1399,817,22,0,0,976,1280,0.1056
1400,818,62,0,0,976,1280,0.4511
1401,819,62,0,0,976,1280,0.5958
1402,82,44,0,0,976,1280,0.4622
1403,820,72,0,0,976,1280,0.2482
1404,820,69,0,0,976,1280,0.1208
1405,820,44,0,0,976,1280,0.1131
1406,822,44,0,0,976,1280,0.4265
1407,826,27,0,0,976,1280,0.4198
1408,826,72,0,0,976,1280,0.1966
1409,828,72,0,0,976,1280,0.292
1410,828,27,0,0,976,1280,0.1553
1411,829,22,0,0,976,1280,0.243
1412,829,14,0,0,976,1280,0.2245
1413,829,62,0,0,976,1280,0.2193
1414,83,44,0,0,976,1280,0.1808
1415,83,12,0,0,976,1280,0.1087
1416,830,62,0,0,976,1280,0.2254
1417,830,22,0,0,976,1280,0.1793
1418,830,14,0,0,976,1280,0.102
1419,831,62,0,0,976,1280,0.3682
1420,831,22,0,0,976,1280,0.1238
1421,832,62,0,0,976,1280,0.5468
1422,832,22,0,0,976,1280,0.1476
1423,838,62,0,0,976,1280,0.3666
1424,838,52,0,0,976,1280,0.1814
1425,842,62,0,0,976,1280,0.4043
1426,842,22,0,0,976,1280,0.1599
1427,842,68,0,0,976,1280,0.1502
1428,85,62,0,0,976,1280,0.5058
1429,85,22,0,0,976,1280,0.1462
1430,851,44,0,0,976,1280,0.3598
1431,855,44,0,0,976,1280,0.3518
1432,855,12,0,0,976,1280,0.1166
1433,855,72,0,0,976,1280,0.1072
1434,857,22,0,0,976,1280,0.8393
1435,858,22,0,0,976,1280,0.7384
1436,86,62,0,0,976,1280,0.2446
1437,86,14,0,0,976,1280,0.2326
1438,86,22,0,0,976,1280,0.1213
1439,861,44,0,0,976,1280,0.5221
1440,862,68,0,0,976,1280,0.3973
1441,862,62,0,0,976,1280,0.1844
1442,864,68,0,0,976,1280,0.3213
1443,864,62,0,0,976,1280,0.2622
1444,866,25,0,0,976,1280,0.9952
1445,867,25,0,0,976,1280,0.9901
1446,868,62,0,0,976,1280,0.9524
1447,869,62,0,0,976,1280,0.9523
1448,870,62,0,0,976,1280,0.9372
1449,873,25,0,0,976,1280,0.9855
1450,874,62,0,0,976,1280,0.8431
1451,875,62,0,0,976,1280,0.9208
1452,878,62,0,0,976,1280,0.4846
1453,878,68,0,0,976,1280,0.3012
1454,879,62,0,0,976,1280,0.5519
1455,879,68,0,0,976,1280,0.227
1456,88,62,0,0,976,1280,0.528
1457,880,44,0,0,976,1280,0.5902
1458,882,44,0,0,976,1280,0.9156
1459,883,62,0,0,976,1280,0.3942
1460,883,22,0,0,976,1280,0.1906
1461,883,68,0,0,976,1280,0.1163
1462,886,22,0,0,976,1280,0.4931
1463,888,22,0,0,976,1280,0.3357
1464,888,7,0,0,976,1280,0.1487
1465,889,62,0,0,976,1280,0.3485
1466,889,22,0,0,976,1280,0.1409
1467,889,35,0,0,976,1280,0.1176
1468,89,62,0,0,976,1280,0.4759
1469,891,62,0,0,976,1280,0.4241
1470,891,22,0,0,976,1280,0.1293
1471,894,35,0,0,976,1280,0.2633
1472,895,62,0,0,976,1280,0.4062
1473,895,53,0,0,976,1280,0.1514
1474,895,22,0,0,976,1280,0.1155
1475,896,62,0,0,976,1280,0.5694
1476,896,22,0,0,976,1280,0.1337
1477,897,62,0,0,976,1280,0.4634
1478,897,22,0,0,976,1280,0.1564
1479,898,52,0,0,976,1280,0.2138
1480,898,62,0,0,976,1280,0.1434
1481,898,35,0,0,976,1280,0.1333
1482,9,22,0,0,976,1280,0.6044
1483,9,62,0,0,976,1280,0.1872
1484,90,62,0,0,976,1280,0.4155
1485,900,62,0,0,976,1280,0.2751
1486,900,35,0,0,976,1280,0.1823
1487,900,22,0,0,976,1280,0.1099
1488,904,62,0,0,976,1280,0.3471
1489,906,62,0,0,976,1280,0.284
1490,908,22,0,0,976,1280,0.8956
1491,91,52,0,0,976,1280,0.2373
1492,91,35,0,0,976,1280,0.1896
1493,91,62,0,0,976,1280,0.1327
1494,910,62,0,0,976,1280,0.2132
1495,912,62,0,0,976,1280,0.2378
1496,912,44,0,0,976,1280,0.1043
1497,914,14,0,0,976,1280,0.2246
1498,914,25,0,0,976,1280,0.1492
1499,914,7,0,0,976,1280,0.1363
1500,914,69,0,0,976,1280,0.1126
1501,915,72,0,0,976,1280,0.1728
1502,915,69,0,0,976,1280,0.1697
1503,915,7,0,0,976,1280,0.1406
1504,916,62,0,0,976,1280,0.4085
1505,916,46,0,0,976,1280,0.1212
1506,919,62,0,0,976,1280,0.2193
1507,919,35,0,0,976,1280,0.201
1508,920,62,0,0,976,1280,0.1702
1509,920,69,0,0,976,1280,0.148
1510,923,35,0,0,976,1280,0.3026
1511,923,62,0,0,976,1280,0.1178
1512,923,46,0,0,976,1280,0.1169
1513,925,62,0,0,976,1280,0.5246
1514,925,22,0,0,976,1280,0.1917
1515,927,62,0,0,976,1280,0.6747
1516,929,62,0,0,976,1280,0.8222
1517,930,62,0,0,976,1280,0.8612
1518,931,62,0,0,976,1280,0.8073
1519,932,62,0,0,976,1280,0.3895
1520,932,53,0,0,976,1280,0.2609
1521,933,62,0,0,976,1280,0.472
1522,933,53,0,0,976,1280,0.1498
1523,936,44,0,0,976,1280,0.5789
1524,936,72,0,0,976,1280,0.1199
1525,937,44,0,0,976,1280,0.3166
1526,937,12,0,0,976,1280,0.1978
1527,938,44,0,0,976,1280,0.2906
1528,938,12,0,0,976,1280,0.1568
1529,940,62,0,0,976,1280,0.1943
1530,940,27,0,0,976,1280,0.1445
1531,940,72,0,0,976,1280,0.1409
1532,940,22,0,0,976,1280,0.1348
1533,941,72,0,0,976,1280,0.3146
1534,941,27,0,0,976,1280,0.2302
1535,942,72,0,0,976,1280,0.1851
1536,942,22,0,0,976,1280,0.1689
1537,942,62,0,0,976,1280,0.126
1538,942,27,0,0,976,1280,0.1081
1539,945,62,0,0,976,1280,0.2893
1540,945,46,0,0,976,1280,0.2291
1541,945,22,0,0,976,1280,0.1443
1542,947,62,0,0,976,1280,0.4397
1543,947,22,0,0,976,1280,0.327
1544,948,62,0,0,976,1280,0.4237
1545,948,22,0,0,976,1280,0.3089
1546,949,35,0,0,976,1280,0.453
1547,95,14,0,0,976,1280,0.281
1548,95,7,0,0,976,1280,0.2146
1549,95,25,0,0,976,1280,0.1788
1550,95,72,0,0,976,1280,0.1353
1551,950,35,0,0,976,1280,0.2291
1552,950,68,0,0,976,1280,0.1433
1553,950,62,0,0,976,1280,0.1309
1554,951,35,0,0,976,1280,0.1621
1555,951,68,0,0,976,1280,0.1505
1556,951,62,0,0,976,1280,0.1321
1557,952,62,0,0,976,1280,0.1633
1558,952,48,0,0,976,1280,0.1601
1559,952,68,0,0,976,1280,0.1099
1560,953,68,0,0,976,1280,0.1665
1561,953,62,0,0,976,1280,0.1589
1562,953,22,0,0,976,1280,0.1211
1563,953,48,0,0,976,1280,0.1209
1564,954,48,0,0,976,1280,0.2521
1565,954,68,0,0,976,1280,0.1338
1566,954,46,0,0,976,1280,0.121
1567,956,62,0,0,976,1280,0.519
1568,957,62,0,0,976,1280,0.3854
1569,957,35,0,0,976,1280,0.1455
1570,962,62,0,0,976,1280,0.3167
1571,962,22,0,0,976,1280,0.2743
1572,966,62,0,0,976,1280,0.3028
1573,966,22,0,0,976,1280,0.1208
1574,967,22,0,0,976,1280,0.2586
1575,967,72,0,0,976,1280,0.1856
1576,967,14,0,0,976,1280,0.185
1577,968,72,0,0,976,1280,0.385
1578,968,7,0,0,976,1280,0.1338
1579,968,14,0,0,976,1280,0.1107
1580,97,22,0,0,976,1280,0.3087
1581,97,62,0,0,976,1280,0.2809
1582,972,52,0,0,976,1280,0.2674
1583,972,62,0,0,976,1280,0.2095
1584,973,62,0,0,976,1280,0.7667
1585,974,62,0,0,976,1280,0.5483
1586,975,62,0,0,976,1280,0.5477
1587,979,7,0,0,976,1280,0.259
1588,979,14,0,0,976,1280,0.2516
1589,979,72,0,0,976,1280,0.1757
1590,979,25,0,0,976,1280,0.1051
1591,980,14,0,0,976,1280,0.6787
1592,980,22,0,0,976,1280,0.1594
1593,982,44,0,0,976,1280,0.661
1594,983,44,0,0,976,1280,0.8567
1595,984,44,0,0,976,1280,0.6396
1596,985,62,0,0,976,1280,0.2721
1597,985,22,0,0,976,1280,0.1592
1598,986,35,0,0,976,1280,0.3675
1599,986,62,0,0,976,1280,0.129
1600,988,62,0,0,976,1280,0.4774
1601,988,22,0,0,976,1280,0.2297
1602,989,62,0,0,976,1280,0.4653
1603,989,22,0,0,976,1280,0.1877
1604,990,62,0,0,976,1280,0.2892
1605,990,22,0,0,976,1280,0.2467
1606,991,62,0,0,976,1280,0.3212
1607,991,22,0,0,976,1280,0.2534
1608,991,14,0,0,976,1280,0.1358
1609,993,62,0,0,976,1280,0.4271
1610,993,22,0,0,976,1280,0.3398
1611,994,62,0,0,976,1280,0.3271
1612,994,22,0,0,976,1280,0.1193
1613,996,62,0,0,976,1280,0.3886
1614,996,22,0,0,976,1280,0.1313
1615,996,68,0,0,976,1280,0.117
1616,997,62,0,0,976,1280,0.3408
1617,997,22,0,0,976,1280,0.1894
1618,998,62,0,0,976,1280,0.4821
1619,998,22,0,0,976,1280,0.175
1620,999,62,0,0,976,1280,0.1884
1621,999,35,0,0,976,1280,0.1387
1622,999,53,0,0,976,1280,0.1151
1623,999,69,0,0,976,1280,0.1114
